{
    "step": 8,
    "eval_loss": 0.7537230849266052,
    "eval_accuracy": 0.8125,
    "eval_runtime": 0.0668,
    "eval_samples_per_second": 239.343,
    "eval_steps_per_second": 14.959,
    "epoch": 8.0,
    "train_runtime": 39.7782,
    "train_samples_per_second": 28.961,
    "train_steps_per_second": 3.62,
    "train_loss": 0.8989672131008573
}